{
    "Validation": {
        "Loss": 1.0570402940114338,
        "Accuracy": 75.0,
        "Precision": 0.7523809523809524,
        "Recall": 0.7461300309597523,
        "F1 Score": 0.746875
    },
    "Test": {
        "Accuracy": 77.55102040816327,
        "Precision": 0.77625,
        "Recall": 0.7771739130434783,
        "F1 Score": 0.7754166666666666,
        "Confusion Matrix": [
            [
                37,
                9
            ],
            [
                13,
                39
            ]
        ]
    }
}